player_name,Converted Name,WRank,hand
Robin Soderling,Soderling R.,18.0,RH
Michael Berrer,Berrer M.,79.0,LH
Florian Mayer,Mayer F.,51.0,RH
Radek Stepanek,Stepanek R.,107.0,RH
Roger Federer,Federer R.,17.0,RH
Nikolay Davydenko,Davydenko N.,48.0,RH
Marion Bartoli,Bartoli M.,79.0,RH
Dinara Safina,Safina D.,244.0,RH
Alicia Molik,Molik A.,3.0,RH
Sara Errani,Errani S.,53.0,RH
Kim Clijsters,Clijsters K.,76.0,RH
Victoria Azarenka,Azarenka V.,,RH
Klara Koukalova,Koukalova K.,76.0,RH
Jarmila Gajdosova,Gajdosova J.,10.0,RH
Gilles Simon,Simon G.,25.0,RH
Viktor Troicki,Troicki V.,29.0,RH
David Nalbandian,Nalbandian D.,386.0,RH
Lleyton Hewitt,Hewitt L.,64.0,RH
Alexandr Dolgopolov,Dolgopolov A.,69.0,RH
Andrea Petkovic,Petkovic A.,55.0,RH
Maria Sharapova,Sharapova M.,,RH
Francesca Schiavone,Schiavone F.,168.0,RH
Svetlana Kuznetsova,Kuznetsova S.,9.0,RH
Novak Djokovic,Djokovic N.,2.0,RH
Caroline Wozniacki,Wozniacki C.,19.0,RH
Na Li,Li N.,87.0,RH
Vera Zvonareva,Zvonareva V.,308.0,RH
David Ferrer,Ferrer D.,21.0,RH
Andy Murray,Murray A.,1.0,RH
Petra Kvitova,Kvitova P.,16.0,LH
Andy Roddick,Roddick A.,27.0,RH
Milos Raonic,Raonic M.,3.0,RH
Janko Tipsarevic,Tipsarevic J.,101.0,RH
Juan Martin Del Potro,Potro J.,42.0,RH
Richard Gasquet,Gasquet R.,18.0,RH
Aravane Rezai,Rezai A.,3.0,RH
Stan Wawrinka,Wawrinka S.,4.0,RH
Rafael Nadal,Nadal R.,9.0,LH
Mardy Fish,Fish M.,79.0,RH
Kei Nishikori,Nishikori K.,5.0,RH
Ryan Sweeting,Sweeting R.,14.0,RH
Jurgen Melzer,Melzer J.,68.0,LH
Sabine Lisicki,Lisicki S.,144.0,RH
Julia Goerges,Goerges J.,53.0,RH
Feliciano Lopez,Lopez F.,28.0,LH
Fernando Verdasco,Verdasco F.,42.0,LH
Kevin Anderson,Anderson K.,79.0,RH
Thomaz Bellucci,Bellucci T.,100.0,LH
Samantha Stosur,Stosur S.,23.0,RH
Agnieszka Radwanska,Radwanska A.,3.0,RH
Jo Wilfried Tsonga,Tsonga J.,12.0,RH
Ana Ivanovic,Ivanovic A.,27.0,RH
Venus Williams,Williams V.,17.0,RH
Kimiko Date Krumm,Krumm K.,52.0,RH
Dominika Cibulkova,Cibulkova D.,5.0,RH
Tamira Paszek,Paszek T.,15.0,RH
Serena Williams,Williams S.,2.0,RH
Tomas Berdych,Berdych T.,10.0,RH
Jelena Jankovic,Jankovic J.,54.0,RH
Angelique Kerber,Kerber A.,1.0,LH
Donald Young,Young D.,85.0,LH
Patricia Mayr Achleitner,Achleitner P.,95.0,RH
Grigor Dimitrov,Dimitrov G.,17.0,RH
Thomas Muster,Muster T.,15.0,LH
Dominic Thiem,Thiem D.,8.0,RH
Juan Monaco,Monaco J.,170.0,RH
John Isner,Isner J.,19.0,RH
Stefan Edberg,Edberg S.,9.0,RH
Yanina Wickmayer,Wickmayer Y.,58.0,RH
Simona Halep,Halep S.,4.0,RH
Mona Barthel,Barthel M.,181.0,RH
Shahar Peer,Peer S.,2.0,RH
Carla Suarez Navarro,Navarro C.,12.0,RH
Michael Llodra,Llodra M.,79.0,LH
Julien Benneteau,Benneteau J.,120.0,RH
Nicolas Almagro,Almagro N.,44.0,RH
Potito Starace,Starace P.,308.0,RH
Wayne Odesnik,Odesnik W.,,LH
Bernard Tomic,Tomic B.,27.0,RH
Tim Smyczek,Smyczek T.,162.0,RH
Ryan Harrison,Harrison R.,89.0,RH
Guillermo Garcia Lopez,Lopez G.,99.0,RH
Ivo Karlovic,Karlovic I.,20.0,RH
Albert Ramos,Ramos A.,3.0,LH
Pablo Andujar,Andujar P.,308.0,RH
Kiki Bertens,Bertens K.,22.0,RH
Benoit Paire,Paire B.,47.0,RH
Marin Cilic,Cilic M.,7.0,RH
Philipp Kohlschreiber,Kohlschreiber P.,32.0,RH
Elena Vesnina,Vesnina E.,18.0,RH
Kaia Kanepi,Kanepi K.,418.0,RH
Carlos Berlocq,Berlocq C.,90.0,RH
Tommy Haas,Haas T.,826.0,RH
Nadia Petrova,Petrova N.,129.0,RH
Urszula Radwanska,Radwanska U.,3.0,RH
Lukas Rosol,Rosol L.,214.0,RH
Varvara Lepchenko,Lepchenko V.,89.0,LH
Yaroslava Shvedova,Shvedova Y.,50.0,RH
Maria Kirilenko,Kirilenko M.,40.0,RH
Barbora Strycova,Strycova B.,20.0,RH
Jeremy Chardy,Chardy J.,71.0,RH
Qiang Wang,Wang Q.,71.0,RH
Mandy Minella,Minella M.,105.0,RH
Steve Darcis,Darcis S.,86.0,RH
Robin Haase,Haase R.,58.0,RH
Alejandro Falla,Falla A.,310.0,LH
Christina Mchale,Mchale C.,45.0,RH
Sofia Arvidsson,Arvidsson S.,23.0,RH
Fabio Fognini,Fognini F.,48.0,RH
Andreas Seppi,Seppi A.,89.0,RH
Daniela Hantuchova,Hantuchova D.,244.0,RH
Jarkko Nieminen,Nieminen J.,340.0,LH
Aleksandra Wozniak,Wozniak A.,27.0,RH
Laura Robson,Robson L.,64.0,LH
Marcos Baghdatis,Baghdatis M.,36.0,RH
Denis Istomin,Istomin D.,117.0,RH
Milos Sekulic,Sekulic M.,79.0,RH
Vladimir Ivanov,Ivanov V.,129.0,RH
Alexander Vasilenko,Vasilenko A.,271.0,RH
Ivan Dodig,Dodig I.,412.0,RH
Lourdes Dominguez Lino,Lino L.,62.0,RH
Andrea Hlavackova,Hlavackova A.,378.0,RH
Jerzy Janowicz,Janowicz J.,267.0,RH
Sam Querrey,Querrey S.,32.0,RH
Lucie Safarova,Safarova L.,62.0,LH
Benjamin Mitchell,Mitchell B.,162.0,RH
Roberto Bautista Agut,Agut R.,14.0,RH
Tsvetana Pironkova,Pironkova T.,63.0,RH
Ashleigh Barty,Barty A.,271.0,RH
Timea Babos,Babos T.,33.0,RH
Marinko Matosevic,Matosevic M.,40.0,RH
Kirsten Flipkens,Flipkens K.,73.0,RH
Monica Niculescu,Niculescu M.,38.0,RH
Shuai Peng,Peng S.,83.0,RH
Polona Hercog,Hercog P.,265.0,RH
Sloane Stephens,Stephens S.,934.0,RH
Romina Oprandi,Oprandi R.,14.0,RH
Garbine Muguruza,Muguruza G.,7.0,RH
Eleni Daniilidou,Daniilidou E.,83.0,RH
Valeria Savinykh,Savinykh V.,77.0,RH
Thanasi Kokkinakis,Kokkinakis T.,993.0,RH
Nick Kyrgios,Kyrgios N.,13.0,RH
Horacio Zeballos,Zeballos H.,71.0,LH
Kate Makarova,Makarova K.,34.0,LH
Malek Jaziri,Jaziri M.,56.0,RH
Ernests Gulbis,Gulbis E.,589.0,RH
Edouard Roger Vasselin,Vasselin E.,347.0,RH
Eugenie Bouchard,Bouchard E.,49.0,RH
Camila Giorgi,Giorgi C.,81.0,RH
Roberta Vinci,Vinci R.,18.0,RH
Mirjana Lucic,Lucic M.,79.0,RH
Tommy Robredo,Robredo T.,550.0,RH
Dmitry Tursunov,Tursunov D.,820.0,RH
Yulia Putintseva,Putintseva Y.,34.0,RH
Anastasia Pavlyuchenkova,Pavlyuchenkova A.,27.0,RH
Alexandra Dulgheru,Dulgheru A.,294.0,RH
Andrey Kuznetsov,Kuznetsov A.,48.0,RH
Alize Cornet,Cornet A.,41.0,RH
Monica Puig,Puig M.,46.0,RH
An Sophie Mestach,Mestach A.,27.0,RH
Johanna Konta,Konta J.,10.0,RH
Gael Monfils,Monfils G.,6.0,RH
Jan Hernych,Hernych J.,340.0,RH
Sorana Cirstea,Cirstea S.,78.0,RH
Bojana Jovanovski,Jovanovski B.,128.0,RH
Galina Voskoboeva,Voskoboeva G.,310.0,RH
Mischa Zverev,Zverev M.,51.0,LH
Mikhail Youzhny,Youzhny M.,57.0,RH
Nicolas Mahut,Mahut N.,39.0,RH
Elena Baltacha,Baltacha E.,347.0,RH
Flavia Pennetta,Pennetta F.,143.0,RH
Bethanie Mattek Sands,Sands B.,158.0,RH
Sergiy Stakhovsky,Stakhovsky S.,107.0,RH
Mathilde Johansson,Johansson M.,40.0,RH
Yvonne Meusburger,Meusburger Y.,103.0,RH
Johanna Larsson,Larsson J.,51.0,RH
Federico Delbonis,Delbonis F.,45.0,LH
James Ward,Ward J.,44.0,RH
Mitchell Krueger,Krueger M.,244.0,RH
Peter Polansky,Polansky P.,115.0,RH
Marcel Granollers,Granollers M.,37.0,RH
Bradley Klahn,Klahn B.,166.0,LH
Evgeny Donskoy,Donskoy E.,132.0,RH
Vasek Pospisil,Pospisil V.,129.0,RH
Lauren Davis,Davis L.,61.0,RH
Magdalena Rybarikova,Rybarikova M.,192.0,RH
Silvia Soler Espinosa,Espinosa S.,118.0,RH
Karolina Pliskova,Pliskova K.,6.0,RH
Ying Ying Duan,Duan Y.,103.0,RH
Heather Watson,Watson H.,81.0,RH
Dayana Yastremska,Yastremska D.,420.0,RH
Amina Anshba,Anshba A.,27.0,LH
Stefanie Voegele,Voegele S.,112.0,RH
Elina Svitolina,Svitolina E.,14.0,RH
Marcos Giron,Giron M.,79.0,RH
Rajeev Ram,Ram R.,137.0,RH
Tennys Sandgren,Sandgren T.,106.0,RH
Filip Peliwo,Peliwo F.,143.0,RH
Guilherme Clezar,Clezar G.,310.0,RH
Aleksandr Nedovyesov,Nedovyesov A.,47.0,RH
Teymuraz Gabashvili,Gabashvili T.,33.0,RH
Filippo Volandri,Volandri F.,143.0,RH
Alejandro Gonzalez,Gonzalez A.,163.0,RH
Caroline Garcia,Garcia C.,24.0,RH
Matthew Ebden,Ebden M.,564.0,RH
Tobias Kamke,Kamke T.,185.0,RH
Aljaz Bedene,Bedene A.,101.0,RH
Peter Gojowczyk,Gojowczyk P.,148.0,RH
Joao Souza,Souza J.,131.0,RH
Madison Keys,Keys M.,9.0,RH
Jose Rubin Statham,Statham J.,340.0,RH
Lukas Lacko,Lacko L.,121.0,RH
Michal Przysiezny,Przysiezny M.,40.0,RH
Jack Sock,Sock J.,23.0,RH
Yen Hsun Lu,Lu Y.,64.0,RH
Estrella Cabeza Candela,Candela E.,347.0,RH
Ricardas Berankis,Berankis R.,177.0,RH
Ana Konjuh,Konjuh A.,47.0,RH
Belinda Bencic,Bencic B.,128.0,RH
Alla Kudryavtseva,Kudryavtseva A.,47.0,RH
Carina Witthoeft,Witthoeft C.,89.0,RH
Anastasia Rodionova,Rodionova A.,669.0,RH
Benjamin Becker,Becker B.,166.0,RH
Katarzyna Piter,Piter K.,52.0,RH
Alison Riske Amritraj,Amritraj A.,27.0,RH
Damir Dzumhur,Dzumhur D.,86.0,RH
Jie Zheng,Zheng J.,44.0,RH
Casey Dellacqua,Dellacqua C.,208.0,LH
Zarina Diyas,Diyas Z.,130.0,RH
Takanyi Garanganga,Garanganga T.,33.0,RH
Tsung Hua Yang,Yang T.,63.0,RH
Hiroki Moriya,Moriya H.,,RH
Matt Reid,Reid M.,79.0,RH
Karin Knapp,Knapp K.,52.0,RH
Petra Cetkovska,Cetkovska P.,95.0,RH
Daniel Gimeno Traver,Traver D.,244.0,RH
Albert Montanes,Montanes A.,312.0,RH
Joao Sousa,Sousa J.,44.0,RH
Kurumi Nara,Nara K.,76.0,RH
Jiri Vesely,Vesely J.,55.0,LH
Lukasz Kubot,Kubot L.,64.0,RH
Pablo Carreno Busta,Busta P.,30.0,RH
Adrian Mannarino,Mannarino A.,65.0,LH
Thiemo De Bakker,Bakker T.,15.0,RH
Dusan Lajovic,Lajovic D.,94.0,RH
Kristyna Pliskova,Pliskova K.,6.0,LH
Mohamed Safwat,Safwat M.,282.0,RH
Eduardo Russi,Russi E.,14.0,RH
Vania King,King V.,77.0,RH
Paolo Lorenzi,Lorenzi P.,41.0,RH
Mauricio Echazu,Echazu M.,79.0,RH
Filip Krajinovic,Krajinovic F.,77.0,RH
Santiago Giraldo,Giraldo S.,97.0,RH
Maria Teresa Torro Flor,Flor M.,79.0,RH
Mathias Bourgue,Bourgue M.,79.0,RH
Gonzalo Lama,Lama G.,7.0,RH
Mate Delic,Delic M.,79.0,RH
Simone Bolelli,Bolelli S.,470.0,RH
Jan Lennard Struff,Struff J.,62.0,RH
Martin Klizan,Klizan M.,36.0,LH
Andrey Golubev,Golubev A.,27.0,RH
Paul Henri Mathieu,Mathieu P.,105.0,RH
Lara Arruabarrena,Arruabarrena L.,64.0,RH
Julian Reister,Reister J.,340.0,RH
Pere Riba,Riba P.,67.0,RH
Stephane Robert,Robert S.,81.0,RH
Shuai Zhang,Zhang S.,23.0,RH
Dustin Brown,Brown D.,72.0,RH
Dudi Sela,Sela D.,96.0,RH
Robby Ginepri,Ginepri R.,14.0,RH
Danka Kovinic,Kovinic D.,68.0,RH
Alize Lim,Lim A.,47.0,RH
Alisa Kleybanova,Kleybanova A.,47.0,RH
Kristina Mladenovic,Mladenovic K.,51.0,RH
Diego Schwartzman,Schwartzman D.,52.0,RH
Anna Karolina Schmiedlova,Schmiedlova A.,47.0,RH
Marina Erakovic,Erakovic M.,174.0,RH
Yoshihito Nishioka,Nishioka Y.,99.0,LH
Andrej Martin,Martin A.,149.0,RH
Ajla Tomljanovic,Tomljanovic A.,,RH
Taylor Townsend,Townsend T.,120.0,LH
Leonardo Mayer,Mayer L.,148.0,RH
Pauline Parmentier,Parmentier P.,67.0,RH
Steven Diez,Diez S.,2.0,RH
Renzo Olivo,Olivo R.,83.0,RH
Blaz Rola,Rola B.,20.0,LH
Donna Vekic,Vekic D.,99.0,RH
Marco Cecchinato,Cecchinato M.,105.0,RH
Facundo Bagnis,Bagnis F.,82.0,LH
Pierre Hugues Herbert,Herbert P.,96.0,RH
Steve Johnson,Johnson S.,33.0,RH
Miloslav Mecir Jr,Jr M.,79.0,RH
Coco Vandeweghe,Vandeweghe C.,38.0,RH
Samantha Murray,Murray S.,1.0,RH
Kenny De Schepper,Schepper K.,162.0,LH
Teliana Pereira,Pereira T.,826.0,RH
Lesia Tsurenko,Tsurenko L.,61.0,RH
Nikola Cacic,Cacic N.,142.0,RH
Maximo Gonzalez,Gonzalez M.,163.0,RH
Mikhail Kukushkin,Kukushkin M.,103.0,RH
Farrukh Dustov,Dustov F.,143.0,RH
Denis Kudla,Kudla D.,178.0,RH
John Patrick Smith,Smith J.,44.0,LH
Illya Marchenko,Marchenko I.,91.0,RH
Nicole Gibbs,Gibbs N.,92.0,RH
Alexandra Stevenson,Stevenson A.,271.0,RH
Elias Ymer,Ymer E.,202.0,RH
Alexander Zverev,Zverev A.,24.0,RH
Indy De Vroome,Vroome I.,92.0,RH
Samuel Groth,Groth S.,180.0,RH
Aleksandra Krunic,Krunic A.,132.0,RH
Pablo Cuevas,Cuevas P.,22.0,RH
Gilles Muller,Muller G.,34.0,LH
Blaz Kavcic,Kavcic B.,166.0,RH
David Goffin,Goffin D.,11.0,RH
Andreas Beck,Beck A.,67.0,LH
Shelby Rogers,Rogers S.,59.0,RH
Andreas Haider Maurer,Maurer A.,27.0,RH
Cristian Garin,Garin C.,19.0,RH
Anett Kontaveit,Kontaveit A.,125.0,RH
Jovana Jaksic,Jaksic J.,170.0,RH
Gabriela Dabrowski,Dabrowski G.,348.0,RH
Grace Min,Min G.,200.0,RH
Alexandra Panova,Panova A.,27.0,RH
Jana Cepelova,Cepelova J.,105.0,RH
Victor Estrella,Estrella V.,77.0,RH
Adam Pavlasek,Pavlasek A.,136.0,RH
Fangzhou Liu,Liu F.,143.0,RH
Francis Tiafoe,Tiafoe F.,108.0,RH
Michael Russell,Russell M.,79.0,RH
Frank Dancevic,Dancevic F.,422.0,RH
Timea Bacsinszky,Bacsinszky T.,15.0,RH
Catherine Cartan Bellis,Bellis C.,70.0,RH
John Millman,Millman J.,174.0,RH
Ze Zhang,Zhang Z.,495.0,RH
Vincent Millot,Millot V.,165.0,LH
Denys Molchanov,Molchanov D.,386.0,RH
Jelena Ostapenko,Ostapenko J.,44.0,RH
Matteo Viola,Viola M.,79.0,RH
Kimmer Coppejans,Coppejans K.,76.0,RH
Yafan Wang,Wang Y.,58.0,RH
Somdev Devvarman,Devvarman S.,23.0,RH
Alex Bolt,Bolt A.,189.0,LH
Dennis Novikov,Novikov D.,203.0,RH
Jared Donaldson,Donaldson J.,105.0,RH
Luca Vanni,Vanni L.,64.0,RH
Shilin Xu,Xu S.,2.0,RH
Tatsuma Ito,Ito T.,63.0,RH
Lin Zhu,Zhu L.,122.0,RH
Austin Krajicek,Krajicek A.,27.0,LH
Nikoloz Basilashvili,Basilashvili N.,87.0,RH
Anna Lena Friedsam,Friedsam A.,27.0,RH
Saisai Zheng,Zheng S.,84.0,RH
Irina Camelia Begu,Begu I.,29.0,RH
Denisa Allertova,Allertova D.,107.0,RH
Matthias Bachinger,Bachinger M.,40.0,RH
Katerina Siniakova,Siniakova K.,52.0,RH
Stefan Kozlov,Kozlov S.,150.0,RH
Irina Falconi,Falconi I.,104.0,RH
Madison Brengle,Brengle M.,72.0,RH
Norbert Gombos,Gombos N.,128.0,RH
Borna Coric,Coric B.,61.0,RH
Yuichi Sugita,Sugita Y.,91.0,RH
Go Soeda,Soeda G.,310.0,RH
Lucas Pouille,Pouille L.,15.0,RH
Radu Albot,Albot R.,92.0,RH
Tereza Smitkova,Smitkova T.,826.0,RH
Vitalia Diatchenko,Diatchenko V.,77.0,RH
Luksika Kumkhum,Kumkhum L.,155.0,RH
Marsel Ilhan,Ilhan M.,287.0,RH
Alex Kuznetsov,Kuznetsov A.,48.0,RH
Jason Kubler,Kubler J.,170.0,RH
Guido Pella,Pella G.,166.0,LH
Julia Glushko,Glushko J.,340.0,RH
Daria Saville,Saville D.,96.0,RH
Natalia Vikhlyantseva,Vikhlyantseva N.,129.0,RH
Misaki Doi,Doi M.,40.0,LH
Olga Govortsova,Govortsova O.,193.0,RH
Lucie Hradecka,Hradecka L.,170.0,RH
Evgeniya Rodina,Rodina E.,83.0,RH
Arina Rodionova,Rodionova A.,669.0,RH
Richel Hogenkamp,Hogenkamp R.,105.0,RH
Alison Van Uytvanck,Uytvanck A.,113.0,RH
Arthur De Greef,Greef A.,134.0,RH
Kyle Edmund,Edmund K.,45.0,RH
Gerald Melzer,Melzer G.,68.0,LH
Roberto Carballes Baena,Baena R.,144.0,RH
Niels Desein,Desein N.,142.0,RH
Tim Puetz,Puetz T.,63.0,RH
Louisa Chirico,Chirico L.,65.0,RH
Maria Sakkari,Sakkari M.,94.0,RH
David Guez,Guez D.,26.0,RH
Ruben Bemelmans,Bemelmans R.,124.0,LH
Katerina Vankova,Vankova K.,76.0,LH
Tatjana Maria,Maria T.,104.0,RH
Nicole Vaidisova,Vaidisova N.,48.0,RH
Paula Ormaechea,Ormaechea P.,95.0,RH
Jan Mertl,Mertl J.,44.0,RH
Hyeon Chung,Chung H.,104.0,RH
Bjorn Fratangelo,Fratangelo B.,112.0,RH
Kateryna Baindl,Baindl K.,51.0,RH
Andrey Rublev,Rublev A.,152.0,RH
Ana Vrljic,Vrljic A.,27.0,RH
Oceane Dodin,Dodin O.,72.0,RH
Jurgen Zopp,Zopp J.,180.0,RH
Maxime Authom,Authom M.,79.0,RH
Su Wei Hsieh,Hsieh S.,91.0,RH
Sachia Vickery,Vickery S.,135.0,RH
Ons Jabeur,Jabeur O.,193.0,RH
Sesil Karatantcheva,Karatantcheva S.,2.0,RH
Marton Fucsovics,Fucsovics M.,154.0,RH
Tristan Lamasine,Lamasine T.,826.0,RH
Paula Badosa,Badosa P.,67.0,RH
Konstantin Kravchuk,Kravchuk K.,129.0,RH
Taro Daniel,Daniel T.,113.0,RH
Lamine Ouahab,Ouahab L.,64.0,RH
Magdalena Frech,Frech M.,79.0,RH
Kateryna Bondarenko,Bondarenko K.,79.0,RH
Cristina Andreea Mitu,Mitu C.,19.0,RH
Sara Sorribes Tormo,Tormo S.,103.0,RH
Magda Linette,Linette M.,93.0,RH
Daniel Munoz De La Nava,Nava D.,26.0,LH
Thomas Fabbiano,Fabbiano T.,95.0,RH
Martina Hingis,Hingis M.,79.0,RH
Alberta Brianti,Brianti A.,27.0,RH
Petra Martic,Martic P.,290.0,RH
Marina Melnikova,Melnikova M.,40.0,RH
Alexa Glatch,Glatch A.,27.0,RH
Jessica Pegula,Pegula J.,170.0,RH
Paula Cristina Goncalves,Goncalves P.,95.0,RH
Katerina Stewart,Stewart K.,76.0,RH
Marketa Vondrousova,Vondrousova M.,233.0,LH
Daria Kasatkina,Kasatkina D.,26.0,RH
Laura Siegemund,Siegemund L.,41.0,RH
Tereza Martincova,Martincova T.,160.0,RH
Anastasija Sevastova,Sevastova A.,33.0,RH
Marius Copil,Copil M.,124.0,RH
Mariana Duque Marino,Marino M.,112.0,RH
Irina Khromacheva,Khromacheva I.,92.0,LH
Maria Sanchez,Sanchez M.,79.0,RH
Matteo Donati,Donati M.,79.0,RH
Andrea Arnaboldi,Arnaboldi A.,271.0,LH
Amandine Hesse,Hesse A.,223.0,RH
Veronica Cepede Royg,Royg V.,129.0,RH
Virginie Razzano,Razzano V.,77.0,RH
Germain Gigounon,Gigounon G.,200.0,RH
Federico Gaio,Gaio F.,179.0,RH
Michaella Krajicek,Krajicek M.,40.0,RH
Brydan Klein,Klein B.,324.0,RH
Yuki Bhambri,Bhambri Y.,474.0,RH
Cameron Norrie,Norrie C.,236.0,LH
Katie Swan,Swan K.,130.0,RH
Naomi Broady,Broady N.,90.0,RH
Michelle Larcher De Brito,Brito M.,79.0,RH
Ti Chen,Chen T.,63.0,RH
Laurynas Grigelis,Grigelis L.,122.0,RH
Margarita Gasparyan,Gasparyan M.,40.0,RH
Sofia Shapatava,Shapatava S.,23.0,RH
Silvia Njiric,Njiric S.,9.0,RH
Cagla Buyukakcay,Buyukakcay C.,181.0,RH
Anna Tatishvili,Tatishvili A.,47.0,RH
Ysaline Bonaventure,Bonaventure Y.,103.0,LH
Kristie Ahn,Ahn K.,206.0,RH
Rebecca Peterson,Peterson R.,226.0,RH
Patricia Maria Tig,Tig P.,95.0,RH
Ivana Jorovic,Jorovic I.,29.0,RH
Jennifer Brady,Brady J.,116.0,RH
Rogerio Dutra Silva,Silva R.,440.0,RH
Juan Carlos Saez,Saez J.,44.0,RH
Olga Savchuk,Savchuk O.,,RH
Aliaksandra Sasnovich,Sasnovich A.,123.0,RH
Jamie Loeb,Loeb J.,44.0,RH
Marco Trungelliti,Trungelliti M.,162.0,RH
Alexander Sarkissian,Sarkissian A.,47.0,RH
Jan Satral,Satral J.,170.0,RH
Pedro Cachin,Cachin P.,67.0,RH
Karen Khachanov,Khachanov K.,53.0,RH
Yannick Mertens,Mertens Y.,127.0,RH
Inigo Cervantes Huegun,Huegun I.,92.0,RH
Naomi Osaka,Osaka N.,48.0,RH
Nao Hibino,Hibino N.,106.0,RH
Risa Ozaki,Ozaki R.,100.0,RH
Aslan Karatsev,Karatsev A.,27.0,RH
Misa Eguchi,Eguchi M.,79.0,RH
Jose Pereira,Pereira J.,340.0,RH
Yaraslau Shyla,Shyla Y.,58.0,RH
Guido Andreozzi,Andreozzi G.,142.0,RH
Nicolas Kicker,Kicker N.,116.0,RH
Amra Sadikovic,Sadikovic A.,271.0,RH
Facundo Arguello,Arguello F.,143.0,RH
Marcelo Arevalo,Arevalo M.,79.0,RH
Orlando Luz,Luz O.,193.0,RH
Darian King,King D.,140.0,RH
Christian Lindell,Lindell C.,12.0,RH
Yan Bai,Bai Y.,58.0,RH
Quentin Halys,Halys Q.,134.0,RH
Scott Griekspoor,Griekspoor S.,59.0,RH
Yasutaka Uchiyama,Uchiyama Y.,214.0,RH
Jozef Kovalik,Kovalik J.,117.0,RH
Daniel Brands,Brands D.,225.0,RH
Mackenzie Mcdonald,Mcdonald M.,40.0,RH
Taylor Fritz,Fritz T.,114.0,RH
Di Wu,Wu D.,233.0,RH
Jeremy Jahn,Jahn J.,44.0,RH
Uladzimir Ignatik,Ignatik U.,,RH
Maximilian Marterer,Marterer M.,40.0,LH
Fernando Romboli,Romboli F.,143.0,RH
Luke Saville,Saville L.,64.0,RH
Flavio Cipolla,Cipolla F.,143.0,RH
Hugo Dellien,Dellien H.,64.0,RH
Jason Jung,Jung J.,44.0,RH
Jordan Thompson,Thompson J.,79.0,RH
Saketh Myneni,Myneni S.,9.0,RH
Ruben Ramirez Hidalgo,Hidalgo R.,14.0,RH
Tessah Andrianjafitrimo,Andrianjafitrimo T.,63.0,RH
Ana Bogdan,Bogdan A.,115.0,RH
Paula Kania,Kania P.,67.0,RH
Hans Podlipnik Castillo,Castillo H.,64.0,RH
Adrian Ungur,Ungur A.,3.0,RH
Franco Skugor,Skugor F.,344.0,RH
Barbara Haas,Haas B.,162.0,RH
Viktorija Golubic,Golubic V.,59.0,RH
Ernesto Escobedo,Escobedo E.,131.0,RH
Mayo Hibi,Hibi M.,79.0,RH
Dennis Novak,Novak D.,284.0,RH
Noah Rubin,Rubin N.,200.0,RH
Henri Laaksonen,Laaksonen H.,123.0,RH
Gastao Elias,Elias G.,81.0,RH
Hunter Reese,Reese H.,96.0,RH
Yuichi Ito,Ito Y.,58.0,RH
Calvin Hemery,Hemery C.,38.0,RH
Samantha Crawford,Crawford S.,162.0,RH
Elitsa Kostova,Kostova E.,146.0,RH
Egor Gerasimov,Gerasimov E.,347.0,RH
Daniel Evans,Evans D.,67.0,RH
Igor Sijsling,Sijsling I.,29.0,RH
Dario Acosta,Acosta D.,244.0,RH
Andrea Collarini,Collarini A.,271.0,LH
Adrien Bossel,Bossel A.,27.0,LH
Makoto Ochi,Ochi M.,79.0,LH
Ramkumar Ramanathan,Ramanathan R.,222.0,RH
Marco Chiudinelli,Chiudinelli M.,40.0,RH
Maddison Inglis,Inglis M.,79.0,RH
Matthew Barton,Barton M.,198.0,RH
Kimberly Birrell,Birrell K.,76.0,RH
Ruben Gonzales,Gonzales R.,14.0,RH
Michael Mmoh,Mmoh M.,79.0,RH
Sekou Bangoura,Bangoura S.,83.0,RH
Albano Olivetti,Olivetti A.,27.0,RH
Thiago Monteiro,Monteiro T.,84.0,LH
Stefano Napolitano,Napolitano S.,187.0,RH
Agustin Velotti,Velotti A.,27.0,RH
Ilya Ivashka,Ivashka I.,29.0,RH
Daniil Medvedev,Medvedev D.,99.0,RH
Eduardo Struvay,Struvay E.,347.0,RH
Tommy Paul,Paul T.,291.0,RH
Pedja Krstin,Krstin P.,67.0,RH
Kristina Kucova,Kucova K.,80.0,RH
Anastasiya Shoshyna,Shoshyna A.,27.0,RH
Ekaterina Alexandrova,Alexandrova E.,86.0,RH
Grega Zemlja,Zemlja G.,310.0,RH
Basak Eraydin,Eraydin B.,257.0,RH
Reka Luca Jani,Jani R.,105.0,RH
Ayla Aksu,Aksu A.,312.0,RH
Ipek Soylu,Soylu I.,179.0,RH
Julia Boserup,Boserup J.,119.0,RH
Asia Muhammad,Muhammad A.,189.0,RH
Enrique Lopez Perez,Perez E.,14.0,RH
Anna Blinkova,Blinkova A.,189.0,RH
Zdenek Kolar,Kolar Z.,,RH
Constant Lestienne,Lestienne C.,208.0,RH
Susanne Celik,Celik S.,9.0,RH
Marko Tepavac,Tepavac M.,79.0,RH
Salvatore Caruso,Caruso S.,9.0,RH
Jil Teichmann,Teichmann J.,170.0,LH
Barbora Krejcikova,Krejcikova B.,254.0,RH
Fiona Ferro,Ferro F.,168.0,RH
Alessandro Giannessi,Giannessi A.,127.0,LH
Tara Moore,Moore T.,63.0,RH
Brian Baker,Baker B.,166.0,RH
Elise Mertens,Mertens E.,127.0,RH
Sofia Kenin,Kenin S.,139.0,RH
Melanie Stokke,Stokke M.,79.0,RH
Lesley Pattinama Kerkhove,Kerkhove L.,195.0,RH
Marcus Willis,Willis M.,79.0,LH
Denis Shapovalov,Shapovalov D.,193.0,LH
Stefanos Tsitsipas,Tsitsipas S.,131.0,RH
Alex De Minaur,Minaur A.,333.0,RH
Isabella Shinikova,Shinikova I.,29.0,RH
Polina Leykina,Leykina P.,308.0,RH
Rebeka Masarova,Masarova R.,14.0,RH
Gabriela Pantuckova,Pantuckova G.,302.0,RH
Carol Zhao,Zhao C.,19.0,RH
Hiroko Kuwata,Kuwata H.,,RH
Usue Maitane Arconada,Arconada U.,,RH
Emilio Gomez,Gomez E.,14.0,RH
Francoise Abanda,Abanda F.,195.0,RH
Na Lae Han,Han N.,274.0,LH
Alexey Vatutin,Vatutin A.,27.0,RH
Andrew Whittington,Whittington A.,194.0,RH
Yannik Reuter,Reuter Y.,34.0,RH
Antonia Lottner,Lottner A.,174.0,RH
Deniz Khazaniuk,Khazaniuk D.,386.0,RH
Gregoire Barrere,Barrere G.,200.0,RH
Reilly Opelka,Opelka R.,180.0,RH
Casper Ruud,Ruud C.,208.0,RH
Mikael Torpegaard,Torpegaard M.,40.0,RH
Vaclav Safranek,Safranek V.,77.0,RH
Jasmine Paolini,Paolini J.,340.0,RH
Cindy Burger,Burger C.,171.0,RH
Varvara Flink,Flink V.,89.0,RH
Valeriya Strakhova,Strakhova V.,77.0,RH
Marie Bouzkova,Bouzkova M.,40.0,RH
Marc Sieber,Sieber M.,79.0,LH
Cristina Dinu,Dinu C.,19.0,RH
Martina Trevisan,Trevisan M.,40.0,LH
Anna Zaja,Zaja A.,250.0,RH
Miyabi Inoue,Inoue M.,79.0,RH
Jia Jing Lu,Lu J.,272.0,RH
Olivia Tjandramulia,Tjandramulia O.,193.0,RH
Junri Namigata,Namigata J.,340.0,RH
Montserrat Gonzalez,Gonzalez M.,163.0,RH
Hanyu Guo,Guo H.,81.0,RH
Sabina Sharipova,Sharipova S.,155.0,RH
Jessica Pieri,Pieri J.,44.0,RH
Viktoria Kamenskaya,Kamenskaya V.,77.0,RH
Alexandra Cadantu Ignatik,Ignatik A.,27.0,RH
Eri Hozumi,Hozumi E.,191.0,RH
Edoardo Eremin,Eremin E.,192.0,RH
Nina Stojanovic,Stojanovic N.,142.0,RH
Sara Cakarevic,Cakarevic S.,23.0,RH
Miyu Kato,Kato M.,201.0,RH
Su Jeong Jang,Jang S.,2.0,RH
Rebecca Sramkova,Sramkova R.,164.0,RH
Irina Bara,Bara I.,104.0,RH
Tereza Mrdeza,Mrdeza T.,15.0,RH
Miljan Zekic,Zekic M.,316.0,RH
Aryna Sabalenka,Sabalenka A.,136.0,RH
Anna Kalinskaya,Kalinskaya A.,173.0,RH
Lorenzo Giustino,Giustino L.,122.0,RH
Destanee Aiava,Aiava D.,386.0,RH
Viktoria Kuzmova,Kuzmova V.,142.0,RH
Joris De Loore,Loore J.,44.0,RH
Corinna Dentoni,Dentoni C.,12.0,RH
Tamara Zidansek,Zidansek T.,826.0,RH
Lizette Cabrera,Cabrera L.,208.0,RH
Alison Bai,Bai A.,47.0,RH
Barbora Stefkova,Stefkova B.,162.0,RH
Elixane Lechemia,Lechemia E.,347.0,LH
Maryna Zanevska,Zanevska M.,40.0,RH
Alexander Bublik,Bublik A.,207.0,RH
Pedro Sousa,Sousa P.,172.0,RH
Kai Chen Chang,Chang K.,130.0,RH
Danielle Collins,Collins D.,96.0,RH
Kayla Day,Day K.,175.0,LH
Aldin Setkic,Setkic A.,27.0,RH
Jennifer Elie,Elie J.,44.0,RH
Nigina Abduraimova,Abduraimova N.,48.0,RH
Jana Fett,Fett J.,340.0,RH
Beatriz Haddad Maia,Maia B.,166.0,LH
Lina Gjorcheska,Gjorcheska L.,61.0,RH
Xinyun Han,Han X.,139.0,LH
Yi Fan Xu,Xu Y.,58.0,LH
Kai Lin Zhang,Zhang K.,131.0,RH
Duck Hee Lee,Lee D.,26.0,RH
Yusuke Takahashi,Takahashi Y.,295.0,RH
Veronika Kudermetova,Kudermetova V.,77.0,RH
Jacqueline Cako,Cako J.,192.0,RH
Kathinka Von Deichmann,Deichmann K.,76.0,RH
Conny Perrin,Perrin C.,38.0,RH
Tamara Korpatsch,Korpatsch T.,162.0,RH
Quirine Lemoine,Lemoine Q.,71.0,LH
Matteo Berrettini,Berrettini M.,40.0,RH
Karolina Muchova,Muchova K.,76.0,RH
Chang Liu,Liu C.,19.0,RH
Ling Zhang,Zhang L.,131.0,RH
Jonathan Eysseric,Eysseric J.,340.0,LH
Anastasiya Komardina,Komardina A.,271.0,LH
Zhe Li,Li Z.,130.0,RH
Jesika Maleckova,Maleckova J.,10.0,RH
Omar Jasika,Jasika O.,69.0,LH
Dmitry Popko,Popko D.,26.0,RH
Cedrik Marcel Stebe,Stebe C.,406.0,LH
Amanda Carreras,Carreras A.,27.0,RH
Sherazad Reix,Reix S.,2.0,LH
Katie Boulter,Boulter K.,76.0,RH
Riko Sawayanagi,Sawayanagi R.,18.0,RH
Axel Michon,Michon A.,27.0,LH
Jing Jing Lu,Lu J.,272.0,RH
Lloyd Harris,Harris L.,64.0,RH
Nicolas Jarry,Jarry N.,142.0,RH
Akira Santillan,Santillan A.,171.0,RH
Anastasia Potapova,Potapova A.,27.0,RH
Soon Woo Kwon,Kwon S.,2.0,RH
Felix Auger Aliassime,Aliassime F.,143.0,RH
Amanda Anisimova,Anisimova A.,271.0,RH
Bianca Andreescu,Andreescu B.,167.0,RH
Katarina Zavatska,Zavatska K.,76.0,RH
Chloe Paquet,Paquet C.,260.0,RH
Ankita Raina,Raina A.,3.0,RH
Bernarda Pera,Pera B.,20.0,LH
Fanny Stollar,Stollar F.,282.0,RH
Anhelina Kalinina,Kalinina A.,27.0,RH
Georgia Brescia,Brescia G.,200.0,RH
Peangtarn Plipuech,Plipuech P.,308.0,RH
Karim Mohamed Maamoun,Maamoun K.,76.0,RH
Shiho Akita,Akita S.,9.0,RH
Oscar Otte,Otte O.,69.0,RH
Caroline Dolehide,Dolehide C.,212.0,RH
Laslo Djere,Djere L.,184.0,RH
Daniel Masur,Masur D.,26.0,RH
Joao Domingues,Domingues J.,242.0,RH
Polina Monova,Monova P.,67.0,RH
Yana Sizikova,Sizikova Y.,64.0,RH
Frederico Ferreira Silva,Silva F.,426.0,LH
Sofya Zhuk,Zhuk S.,2.0,RH
Stefano Travaglia,Travaglia S.,144.0,RH
Gianluigi Quinzi,Quinzi G.,304.0,LH
Marta Kostyuk,Kostyuk M.,79.0,RH
Nikola Milojevic,Milojevic N.,48.0,RH
Gleb Sakharov,Sakharov G.,196.0,RH
Maxime Janvier,Janvier M.,79.0,RH
Jaimee Fourlis,Fourlis J.,414.0,RH
Marc Polmans,Polmans M.,79.0,RH
Yannick Hanfmann,Hanfmann Y.,273.0,RH
Corentin Moutet,Moutet C.,38.0,LH
Attila Balazs,Balazs A.,174.0,RH
Viktor Galovic,Galovic V.,77.0,RH
Mirza Basic,Basic M.,209.0,RH
Jaqueline Cristian,Cristian J.,341.0,RH
Ashley Kratzer,Kratzer A.,27.0,LH
Danielle Lao,Lao D.,26.0,RH
Claire Liu,Liu C.,19.0,RH
Sebastian Ofner,Ofner S.,216.0,RH
Mihaela Buzarnescu,Buzarnescu M.,105.0,LH
Anna Bondar,Bondar A.,27.0,RH
Yannick Maden,Maden Y.,186.0,RH
Arantxa Rus,Rus A.,207.0,LH
Priscilla Hon,Hon P.,308.0,RH
Alexa Guarachi,Guarachi A.,27.0,RH
Miomir Kecmanovic,Kecmanovic M.,40.0,RH
N Sriram Balaji,Balaji N.,142.0,RH
Hubert Hurkacz,Hurkacz H.,64.0,RH
Dalila Jakupovic,Jakupovic D.,156.0,RH
Mats Moraing,Moraing M.,79.0,LH
Brayden Schnur,Schnur B.,166.0,RH
Roberto Quiroz,Quiroz R.,440.0,LH
Nicola Kuhn,Kuhn N.,142.0,RH
Dominik Koepfer,Koepfer D.,96.0,LH
Tallon Griekspoor,Griekspoor T.,33.0,RH
Renata Zarazua,Zarazua R.,14.0,RH
Carlos Taberner,Taberner C.,12.0,RH
Francesca Di Lorenzo,Lorenzo F.,143.0,LH
Emiliana Arango,Arango E.,192.0,RH
Rebecca Marino,Marino R.,112.0,RH
Vera Lapko,Lapko V.,167.0,RH
Ulrikke Eikeri,Eikeri U.,,RH
Patty Schnyder,Schnyder P.,257.0,LH
Viktoriya Tomova,Tomova V.,171.0,RH
Valentyna Ivakhnenko,Ivakhnenko V.,77.0,RH
Lorenzo Sonego,Sonego L.,64.0,RH
Prajnesh Gunneswaran,Gunneswaran P.,95.0,LH
Christopher Eubanks,Eubanks C.,461.0,RH
Kamil Majchrzak,Majchrzak K.,76.0,RH
Rudolf Molleker,Molleker R.,14.0,RH
Juan Ignacio Londero,Londero J.,340.0,RH
Elena Rybakina,Rybakina E.,347.0,RH
Bibiane Schoofs,Schoofs B.,158.0,RH
Deborah Chiesa,Chiesa D.,244.0,RH
Jaume Munar,Munar J.,44.0,RH
Gian Marco Moroni,Moroni G.,310.0,RH
Harriet Dart,Dart H.,71.0,RH
James Duckworth,Duckworth J.,10.0,RH
Gabriella Taylor,Taylor G.,310.0,RH
Leylah Fernandez,Fernandez L.,61.0,LH
Emma Raducanu,Raducanu E.,347.0,RH
Pedro Martinez,Martinez P.,308.0,RH
Ulises Blanch,Blanch U.,,RH
Lucas Miedler,Miedler L.,64.0,RH
Katharina Gerlach,Gerlach K.,76.0,RH
Aliona Bolsova,Bolsova A.,27.0,RH
Iga Swiatek,Swiatek I.,29.0,RH
Olga Danilovic,Danilovic O.,72.0,LH
Jay Clarke,Clarke J.,170.0,RH
Sergio Gutierrez Ferrol,Ferrol S.,9.0,RH
Ugo Humbert,Humbert U.,,LH
Adrian Menendez Maceiras,Maceiras A.,140.0,RH
Alexei Popyrin,Popyrin A.,27.0,RH
Ekaterine Gorgodze,Gorgodze E.,347.0,LH
Clara Burel,Burel C.,19.0,RH
Zsombor Piros,Piros Z.,,RH
Antoine Hoang,Hoang A.,3.0,RH
Alejandro Davidovich Fokina,Fokina A.,27.0,RH
Xiyu Wang,Wang X.,1001.0,LH
Yosuke Watanuki,Watanuki Y.,64.0,RH
Evgeny Karlovskiy,Karlovskiy E.,83.0,RH
Filippo Baldi,Baldi F.,168.0,RH
Whitney Osuigwe,Osuigwe W.,,RH
Kaja Juvan,Juvan K.,52.0,RH
Mikael Ymer,Ymer M.,79.0,RH
Ellen Perez,Perez E.,14.0,LH
Greet Minnen,Minnen G.,310.0,RH
Astra Sharma,Sharma A.,27.0,RH
Jessika Ponchet,Ponchet J.,340.0,RH
Zoe Hives,Hives Z.,,RH
Filip Horansky,Horansky F.,143.0,RH
Jurij Rodionov,Rodionov J.,340.0,LH
Jiri Lehecka,Lehecka J.,340.0,RH
Caty Mcnally,Mcnally C.,12.0,RH
Maxime Cressy,Cressy M.,79.0,RH
Michael Redlicki,Redlicki M.,40.0,LH
Goncalo Oliveira,Oliveira G.,200.0,LH
Andrew Harris,Harris A.,27.0,RH
Elliot Benchetrit,Benchetrit E.,83.0,RH
Jannik Sinner,Sinner J.,170.0,RH
Roberto Marcora,Marcora R.,14.0,RH
Thiago Seyboth Wild,Wild T.,63.0,RH
Clara Tauson,Tauson C.,38.0,RH
Chun Hsin Tseng,Tseng C.,19.0,RH
Xin Yu Wang,Wang X.,1001.0,RH
Cori Gauff,Gauff C.,19.0,RH
Lorenzo Musetti,Musetti L.,64.0,RH
Carlos Alcaraz,Alcaraz C.,12.0,RH
Federico Coria,Coria F.,168.0,RH
Mario Vilella Martinez,Martinez M.,40.0,RH
Giulia Gatto Monticone,Monticone G.,200.0,RH
Ylena In Albon,Albon Y.,58.0,RH
Daniel Elahi Galan,Galan D.,26.0,RH
Camila Osorio,Osorio C.,38.0,RH
Gianluca Mager,Mager G.,310.0,RH
Katarzyna Kawa,Kawa K.,130.0,RH
Sergey Fomin,Fomin S.,9.0,RH
Roberto Cid,Cid R.,105.0,RH
Ann Li,Li A.,47.0,RH
Elisabetta Cocciaretto,Cocciaretto E.,83.0,RH
Roman Safiullin,Safiullin R.,18.0,RH
Harmony Tan,Tan H.,81.0,RH
Marie Benoit,Benoit M.,79.0,LH
Liudmila Samsonova,Samsonova L.,61.0,RH
Martina Di Giuseppe,Giuseppe M.,40.0,RH
Allie Kiick,Kiick A.,3.0,RH
Laura Ioana Andrei,Andrei L.,64.0,RH
Diana Marcinkevica,Marcinkevica D.,386.0,RH
Ayano Shimizu,Shimizu A.,27.0,RH
Diane Parry,Parry D.,26.0,RH
Cem Ilkel,Ilkel C.,19.0,RH
Kevin Krawietz,Krawietz K.,76.0,RH
Danilo Petrovic,Petrovic D.,96.0,RH
Daniel Altmaier,Altmaier D.,252.0,RH
Emma Navarro,Navarro E.,12.0,RH
Daria Snigur,Snigur D.,244.0,RH
Corentin Denolly,Denolly C.,12.0,LH
Gijs Brouwer,Brouwer G.,200.0,LH
Holger Rune,Rune H.,71.0,RH
Ivan Gakhov,Gakhov I.,92.0,LH
Simona Waltert,Waltert S.,83.0,RH
Enzo Couacaud,Couacaud E.,347.0,RH
Sandro Ehrat,Ehrat S.,9.0,RH
Kamilla Rakhimova,Rakhimova K.,76.0,RH
Marc Andrea Huesler,Huesler M.,79.0,LH
Sumit Nagal,Nagal S.,9.0,RH
Gabriela Ce,Ce G.,7.0,LH
Facundo Mena,Mena F.,282.0,RH
Hailey Baptiste,Baptiste H.,64.0,RH
Yuxuan Zhang,Zhang Y.,58.0,RH
Varvara Gracheva,Gracheva V.,77.0,RH
Emil Ruusuvuori,Ruusuvuori E.,83.0,RH
Aleksandar Vukic,Vukic A.,3.0,RH
Viktor Durasovic,Durasovic V.,77.0,RH
Pemra Ozgen,Ozgen P.,67.0,RH
Mariam Bolkvadze,Bolkvadze M.,40.0,LH
Joao Menezes,Menezes J.,340.0,RH
Katie Volynets,Volynets K.,76.0,RH
Alexandre Muller,Muller A.,34.0,RH
Zhizhen Zhang,Zhang Z.,495.0,RH
Juan Pablo Varillas,Varillas J.,340.0,RH
Juan Pablo Ficovich,Ficovich J.,340.0,RH
Shuyue Ma,Ma S.,2.0,RH
Botic Van De Zandschulp,Zandschulp B.,128.0,RH
Bernabe Zapata Miralles,Miralles B.,162.0,RH
Kyoka Okamura,Okamura K.,76.0,RH
Naiktha Bains,Bains N.,142.0,RH
Sebastian Korda,Korda S.,9.0,RH
J J Wolf,Wolf J.,44.0,RH
Borna Gojo,Gojo B.,20.0,RH
Dimitar Kuzmanov,Kuzmanov D.,96.0,RH
Alexander Cozbinov,Cozbinov A.,27.0,RH
Valentina Ivanov,Ivanov V.,129.0,RH
Mayar Sherif,Sherif M.,79.0,RH
Natalija Stevanovic,Stevanovic N.,48.0,RH
Alejandro Tabilo,Tabilo A.,27.0,LH
Max Purcell,Purcell M.,79.0,RH
Maja Chwalinska,Chwalinska M.,40.0,LH
Chihiro Muramatsu,Muramatsu C.,208.0,LH
Yuki Naito,Naito Y.,58.0,RH
Christopher Oconnell,Oconnell C.,12.0,RH
Arthur Cazaux,Cazaux A.,27.0,RH
Harold Mayot,Mayot H.,96.0,RH
Victoria Jimenez Kasintseva,Kasintseva V.,77.0,LH
Weronika Baszak,Baszak W.,,RH
Marcela Zacarias,Zacarias M.,40.0,RH
Gabriela Lee,Lee G.,7.0,LH
Storm Sanders,Sanders S.,83.0,LH
Leonie Kung,Kung L.,62.0,RH
Brandon Nakashima,Nakashima B.,162.0,RH
Arthur Rinderknech,Rinderknech A.,47.0,RH
Tomas Machac,Machac T.,15.0,RH
Tomas Barrios Vera,Vera T.,63.0,RH
Ji Sung Nam,Nam J.,44.0,RH
Linda Fruhvirtova,Fruhvirtova L.,61.0,RH
Katrina Scott,Scott K.,52.0,RH
Julia Grabher,Grabher J.,340.0,RH
Tomas Martin Etcheverry,Etcheverry T.,33.0,RH
Benjamin Bonzi,Bonzi B.,266.0,RH
Hugo Gaston,Gaston H.,,LH
Francisco Cerundolo,Cerundolo F.,143.0,RH
Duje Ajdukovic,Ajdukovic D.,386.0,RH
Leandro Riedi,Riedi L.,64.0,RH
Dominic Stricker,Stricker D.,96.0,LH
Elsa Jacquemot,Jacquemot E.,347.0,RH
Alina Charaeva,Charaeva A.,27.0,RH
Giulio Zeppieri,Zeppieri G.,200.0,LH
Pavel Kotov,Kotov P.,67.0,RH
Andrea Pellegrino,Pellegrino A.,47.0,RH
Thiago Agustin Tirante,Tirante T.,826.0,RH
Felipe Meligeni Alves,Alves F.,168.0,RH
Jodie Burrage,Burrage J.,340.0,RH
Christian Harrison,Harrison C.,89.0,RH
Tristan Schoolkate,Schoolkate T.,33.0,RH
Oksana Kalashnikova,Kalashnikova O.,193.0,LH
Oksana Selekhmeteva,Selekhmeteva O.,193.0,LH
Alexandra Eala,Eala A.,189.0,LH
Li Tu,Tu L.,62.0,RH
Francesca Jones,Jones F.,168.0,RH
Juan Manuel Cerundolo,Cerundolo J.,10.0,LH
Anastasia Gasanova,Gasanova A.,27.0,RH
Sebastian Baez,Baez S.,2.0,RH
Zizou Bergs,Bergs Z.,,RH
Nuria Parrizas Diaz,Diaz N.,142.0,RH
Lucas Catarina,Catarina L.,122.0,RH
Laura Pigossi,Pigossi L.,64.0,RH
Jenson Brooksby,Brooksby J.,340.0,RH
Kacper Zuk,Zuk K.,130.0,RH
Susan Bandecchi,Bandecchi S.,23.0,RH
Julia Middendorf,Middendorf J.,10.0,RH
Irina Fetecau,Fetecau I.,29.0,RH
Irene Burillo Escorihuela,Escorihuela I.,29.0,RH
Andrea Lazaro Garcia,Garcia A.,24.0,RH
Jule Niemeier,Niemeier J.,340.0,RH
Alex Molcan,Molcan A.,27.0,LH
Brian Battistone,Battistone B.,128.0,RH
Arthur Fils,Fils A.,189.0,RH
Luca Van Assche,Assche L.,64.0,RH
Erika Andreeva,Andreeva E.,347.0,RH
Linda Noskova,Noskova L.,64.0,RH
Jack Draper,Draper J.,170.0,LH
Jesper De Jong,Jong J.,44.0,RH
Qinwen Zheng,Zheng Q.,84.0,RH
Julia Avdeeva,Avdeeva J.,340.0,RH
Despina Papamichail,Papamichail D.,386.0,RH
Panna Udvardy,Udvardy P.,308.0,RH
Yana Morderger,Morderger Y.,295.0,RH
Tess Sugnaux,Sugnaux T.,826.0,RH
Lucia Bronzetti,Bronzetti L.,61.0,RH
Federica Di Sarra,Sarra F.,168.0,RH
Weronika Falkowska,Falkowska W.,,RH
Ben Shelton,Shelton B.,158.0,LH
Tim Van Rijthoven,Rijthoven T.,33.0,RH
Emina Bektas,Bektas E.,192.0,RH
Seone Mendez,Mendez S.,9.0,RH
Olivia Gadecki,Gadecki O.,,RH
Yuriko Miyazaki,Miyazaki Y.,64.0,RH
Robin Montgomery,Montgomery R.,18.0,LH
Kristina Dmitruk,Dmitruk K.,76.0,RH
Franco Agamenone,Agamenone F.,143.0,LH
Arianne Hartono,Hartono A.,27.0,RH
Daniil Ostapenkov,Ostapenkov D.,44.0,RH
Martin Cuevas,Cuevas M.,22.0,RH
Valeria Bhunu,Bhunu V.,89.0,RH
Mai Hontama,Hontama M.,79.0,RH
Alycia Parks,Parks A.,3.0,RH
Hugo Grenier,Grenier H.,64.0,RH
Alexander Ritschard,Ritschard A.,271.0,RH
Stephanie Wagner,Wagner S.,9.0,RH
Lucrezia Stefanini,Stefanini L.,61.0,RH
Frances Tiafoe,Tiafoe F.,108.0,RH
Iryna Shymanovich,Shymanovich I.,29.0,RH
Dalibor Svrcina,Svrcina D.,96.0,RH
Yuliya Hatouka,Hatouka Y.,64.0,RH
Leo Borg,Borg L.,62.0,RH
Elina Avanesyan,Avanesyan E.,347.0,RH
Nuno Borges,Borges N.,142.0,RH
Robin Anderson,Anderson R.,79.0,RH
Brenda Fruhvirtova,Fruhvirtova B.,128.0,RH
Alexis Galarneau,Galarneau A.,271.0,RH
Elvina Kalieva,Kalieva E.,347.0,RH
Camilo Ugo Carabelli,Carabelli C.,208.0,RH
Luca Nardi,Nardi L.,64.0,RH
Suzan Lamens,Lamens S.,9.0,RH
Oleksandr Ovcharenko,Ovcharenko O.,193.0,RH
Luciano Darderi,Darderi L.,64.0,RH
Darja Semenistaja,Semenistaja D.,386.0,RH
Daniela Vismane,Vismane D.,96.0,RH
Hamad Medjedovic,Medjedovic H.,81.0,RH
Eva Lys,Lys E.,14.0,RH
Nikola Bartunkova,Bartunkova N.,48.0,RH
Francesco Passaro,Passaro F.,143.0,RH
Matteo Arnaldi,Arnaldi M.,79.0,RH
Ekaterina Reyngold,Reyngold E.,347.0,RH
Catherine Harrison,Harrison C.,89.0,RH
Raluka Serban,Serban R.,440.0,RH
Anastasia Kulikova,Kulikova A.,27.0,LH
Carole Monnet,Monnet C.,38.0,LH
Katharina Hobgarski,Hobgarski K.,76.0,RH
Paul Jubb,Jubb P.,67.0,RH
Cristiana Ferrando,Ferrando C.,12.0,RH
Anastasia Tikhonova,Tikhonova A.,271.0,RH
Ekaterina Makarova,Makarova E.,34.0,RH
Johan Nikles,Nikles J.,170.0,RH
Liam Broady,Broady L.,242.0,LH
Geoffrey Blancaneaux,Blancaneaux G.,302.0,RH
Timofey Skatov,Skatov T.,15.0,RH
Santiago Fa Rodriguez Taverna,Taverna S.,83.0,RH
Moyuka Uchijima,Uchijima M.,40.0,RH
Leolia Jeanjean,Jeanjean L.,122.0,RH
Fernanda Contreras Gomez,Gomez F.,168.0,RH
Sonay Kartal,Kartal S.,9.0,RH
Taylah Preston,Preston T.,826.0,RH
Otto Virtanen,Virtanen O.,,RH
Katherine Sebov,Sebov K.,52.0,RH
Antoine Bellier,Bellier A.,27.0,LH
Alastair Gray,Gray A.,189.0,RH
Natalia Szabanin,Szabanin N.,129.0,LH
Sara Bejlek,Bejlek S.,9.0,LH
Daniel Dutra Da Silva,Silva D.,26.0,LH
Filip Misolic,Misolic F.,143.0,RH
Sinja Kraus,Kraus S.,9.0,RH
Alexander Shevchenko,Shevchenko A.,47.0,RH
Lucie Havlickova,Havlickova L.,61.0,RH
Barbora Palicova,Palicova B.,162.0,RH
Ashlyn Krueger,Krueger A.,244.0,RH
Kaichi Uchida,Uchida K.,51.0,RH
Kayla Cross,Cross K.,52.0,LH
Cadence Brace,Brace C.,19.0,RH
Marina Stakusic,Stakusic M.,40.0,RH
Victoria Mboko,Mboko V.,89.0,RH
Himeno Sakatsume,Sakatsume H.,104.0,RH
Tara Wurth,Wurth T.,63.0,RH
Brandon Holt,Holt B.,20.0,RH
Emilio Nava,Nava E.,14.0,RH
Eleana Yu,Yu E.,14.0,RH
Peyton Stearns,Stearns P.,308.0,RH
Yibing Wu,Wu Y.,58.0,RH
Filip Bergevi,Bergevi F.,143.0,RH
Evan Furness,Furness E.,347.0,RH
Mariia Tkacheva,Tkacheva M.,40.0,RH
Zachary Svajda,Svajda Z.,,RH
Tung Lin Wu,Wu T.,63.0,RH
Alexandar Lazarov,Lazarov A.,27.0,RH
Adrian Andreev,Andreev A.,27.0,RH
Eva Vedder,Vedder E.,192.0,RH
Yasmine Mansouri,Mansouri Y.,64.0,RH
Lukas Klein,Klein L.,64.0,RH
Nick Hardt,Hardt N.,142.0,RH
Leyre Romero Gormaz,Gormaz L.,64.0,LH
Jessica Bouzas Maneiro,Maneiro J.,340.0,RH
Gabriel Diallo,Diallo G.,310.0,RH
Mattia Bellucci,Bellucci M.,100.0,LH
Gilles Arnaud Bailly,Bailly G.,310.0,RH
Michael Geerts,Geerts M.,79.0,RH
Facundo Diaz Acosta,Acosta F.,143.0,LH
Laurent Lokoli,Lokoli L.,64.0,RH
Diana Shnaider,Shnaider D.,96.0,LH
